List Call,CAS,List Name,TSCA Chemical Name,Caveat - Chemical Use,x,y,Molecular Formula,Symbol,Molecular Weight,Odor Description,Form
Yellow,101-84-8,Diphenyl oxide,"Benzene, 1,1'-oxybis-","Lacks sufficient sensitization data, see notes below.",5,3,C12H10O,Do,170.21,"Harsh, floral-green, metallic geranium-type odor",Colorless liquid
Yellow,10250-45-0,Diisobutyl carbinyl acetate,"4-Heptanol, 2,6-dimethyl-, 4-acetate",Lacks sufficient sensitization data; repeat dose toxicant. See notes below.,1,13,C11H22O2,Dce,186.29,"Fruity, herbaceous, rhubarb, floral",Colorless to pale yellow clear liquid
Yellow,10339-55-6,Ethyl linalool,"1,6-Nonadien-3-ol, 3,7-dimethyl-","Known sensitizer, see notes below.",1,12,C11H20O,El,168.28,"Floral, fresh, bergamot","Clear, colorless to pale yellowish liquid."
Half Green,104-50-7,gamma-Octalactone,"2(3H)-Furanone, 5-butyldihydro-",,6,8,C8H14O2,Oc,142.2,Fruity odor reminiscent of coconut with a very sweet taste,"Clear, colorless liquid"
Half Green,104-61-0,gamma-Nonalactone,"2(3H)-Furanone, dihydro-5-pentyl-",,6,7,C9H16O2,Non,156.22,"Fruity, coconut",Colorless to almost colorless clear liquid
Half Green,104-67-6,gamma-Undecalactone,"2(3H)-Furanone, 5-heptyldihydro-",,6,6,C11H20O2,Und,184.28,"Fruity, peach, creamy, fatty, lactonic, apricot, ketonic, coconut",Colorless to pale yellow liquid
Half Green,105-21-5,gamma-Heptalactone,"2(3H)-Furanone, dihydro-5-propyl-",,6,5,C7H12O2,Hep,128.17,"Waxy, creamy, coconut character.",Colorless liquid
Green,105-53-3,Diethyl malonate,"Propanedioic acid, 1,3-diethyl ester",,5,7,C7H12O4,Dm,160.17,Apple-like odor,Colorless liquid
Yellow,105-54-4,Ethyl butyrate,"Butanoic acid, ethyl ester","Lacks sufficient sensitization data, see notes below.",1,11,C6H12O2,Eb,116.16,"Pineapple, apple-like odor",Colorless liquid
Half Green,105-95-3,Ethylene brassylate,"1,4-Dioxacycloheptadecane-5,17-dione",,6,4,C15H26O4,Ebr,270.36,Powdery sweet floral ambrette musk woody,Colorless to light yellow liquid
Half Green,106-02-5,Oxacyclohexadecan-2-one,Oxacyclohexadecan-2-one,,6,9,C16H28O2,Oxa,252.39,"Musk, powdery, natural fruity",White crystalline low melting solid
Yellow,106-21-8,Dihydrocitronellol,"1-Octanol, 3,7-dimethyl-","Repeat dose toxicant, see notes below.",1,10,C10H22O,Dih,158.28,"Waxy, dry rosy odor","Clear, colorless liquid"
Yellow,106-22-9,Citronellol,"6-Octen-1-ol, 3,7-dimethyl-",Known sensitizer; repeat dose toxicant. See notes below.,1,9,C10H20O,Ci,156.27,"Floral, leather, waxy, rose bud, citrus",Clear almost colorless liquid
Yellow,106-23-0,Citronellal,"6-Octenal, 3,7-dimethyl-",Known sensitizer; repeat dose toxicant. See notes below.,1,8,C9H8O,Cit,154.25,"Vibrant, lemony scent, with fresh and possibly floral undertones",Colorless liquid
Yellow,106-27-4,Isoamyl butyrate,"Butanoic acid, 3-methylbutyl ester","Lacks sufficient sensitization data, see notes below.",1,7,C9H18O2,Isb,158.24,Fruity green apricot pear banana,Colorless to almost colorless liquid
Yellow,106-72-9,Melonal,"5-Heptenal, 2,6-dimethyl-",Known sensitizer; repeat dose toxicant. See notes below.,1,6,C9H16O,Mel,140.22,"Fresh ozone melon, fresh air",Light orange to yellow to green liquid
Yellow,107-75-5,Hydroxycitronellal,"Octanal, 7-hydroxy-3,7-dimethyl-",Known sensitizer; repeat dose toxicant. See notes below.,1,5,C10H20O2,Hyd,172.26,Sweet-floral like lily of the valley odor,"Clear, colorless liquid"
Green,108-59-8,Dimethyl malonate,"Propanedioic acid, 1,3-dimethyl ester",,5,6,C5H8O4,Ma,132.11,Fruity,"Clear, colorless liquid"
Yellow,108-64-5,Ethyl isovalerate,"Butanoic acid, 3-methyl-, ethyl ester","Lacks sufficient sensitization data, see notes below.",1,4,C7H14O2,Ei,130.18,"Fruity, sweet, apple, pineapple, tutti frutti","Clear, colorless to pale yellowish liquid"
Half Green,109-29-5,Oxacycloheptadecan-2-one,Oxacycloheptadecan-2-one,,7,8,C16H30O2,Ox,254.41,Musky,Colourless to light yellow solid
Half Green,110-19-0,Isobutyl acetate,"Acetic acid, 2-methylpropyl ester",,7,7,C6H12O2,Ace,116.16,Fruity,Clear liquid
Yellow,110-41-8,2-Methyl-undecanal,"Undecanal, 2-methyl-","Known sensitizer, see notes below.",1,3,C12H24O,Mec,184.32,"Fresh amber, citrus",Pale yellow clear liquid
Yellow,111-79-5,Methyl 2-nonenoate,"2-Nonenoic acid, methyl ester","Lacks sufficient sensitization data, see notes below.",1,2,C10H18O2,Meo,170.25,"Sweet, green waxy, fruity","Clear, colorless to pale yellow liquid"
Yellow,111-80-8,Methyl 2-nonynoate,"2-Nonynoic acid, methyl ester","Known sensitizer, see notes below.",1,1,C10H16O2,Mey,168.23,"Floral, melon, cucumber",Colorless to light yellow liquid
Yellow,111-81-9,Methyl undecylenate,"10-Undecenoic acid, methyl ester","Repeat dose toxicant, see notes below.",2,12,C12H22O2,Meu,198.3,"Citrus, floral",Colorless to light yellow liquid
Half Green,111-87-5,1-Octanol,1-Octanol,,7,6,C8H18O,Ocl,130.23,"Waxy-type, penetrating aromatic odor","Clear, colorless liquid"
Yellow,111879-79-9,"Oxacyclohexadec-12-en-2-one, (12Z)-","Oxacyclohexadec-12-en-2-one, (12Z)-","Known sensitizer, see notes below.",2,11,C15H26O2,Od,238.37,Musky,Colorless to pale yellow clear liquid to solid
Yellow,111879-80-2,"Oxacyclohexadec-12-en-2-one, (12E)-","Oxacyclohexadec-12-en-2-one, (12E)-","Known sensitizer, see notes below.",2,10,C15H26O2,Ode,238.37," Intense, sweet, soft, skin-like, ambrette, floral",Colorless liquid
Yellow,111879-81-3,"Oxacyclohexadec-13-en-2-one, (13Z)-","Oxacyclohexadec-13-en-2-one, (13Z)-","Known sensitizer, see notes below.",2,9,C15H26O2,Odz,238.37,Musky,Colorless to pale yellow clear liquid to solid
Yellow,112-14-1,Octyl acetate,"Acetic acid, octyl ester","Lacks sufficient sensitization data, see notes below.",2,8,C10H20O2,Oac,172.26,Fruity odor resembling orange and jasmine,"Clear, colorless liquid"
Half Green,112-30-1,1-Decanol,1-Decanol,,7,5,C10H22O,Del,158.28,Faint alcohol,"Clear, colorless to slightly yellow liquid"
Yellow,112-31-2,Decaldehyde,Decanal,"Known sensitizer, see notes below.",2,7,C10H20O,Dhy,156.27,"Powerful, waxy, aldehydic, orange, citrus peel","Clear, colorless liquid"
Half Green,112-42-5,1-Undecanol,1-Undecanol,,7,4,C11H24O,Udl,172.31,Faint alcohol,"Clear, colorless to slightly yellow liquid"
Yellow,112-44-7,Undecanal,Undecanal,"Known sensitizer, see notes below.",2,6,C11H22O,Ucl,170.29,"Sweetish, fatty odor with an orange and rose undertone",Colorless liquid
Yellow,112-45-8,10-Undecenal,10-Undecenal,"Known sensitizer, see notes below.",2,5,C11H20O,Ual,168.28,"Slightly orange, predominantly rose and less fatty",Colorless liquid
Green,112-53-8,1-Dodecanol,1-Dodecanol,,5,5,C12H26O,Dol,186.33,"Typical fatty alcohol odor, sweet",White low melting crystalline solid
Yellow,112-54-9,Dodecanal,Dodecanal,"Known sensitizer, see notes below.",2,4,C12H24O,Dal,184.32,"Soapy, waxy, aldehydic, citrus, floral",White or colorless to light yellow liquid
Half Green,112-72-1,1-Tetradecanol,1-Tetradecanol,,7,9,C14H30O,Tol,214.39,Waxy,White low melting solid or flakes
Yellow,115-95-7,Linalyl acetate,"1,6-Octadien-3-ol, 3,7-dimethyl-, 3-acetate","Known sensitizer, see notes below.",2,3,C12H20O2,Lac,196.29,"Fresh, zesty aroma with nuances of bergamot, lavender, and clary sage","Clear, colorless liquid"
Yellow,118-58-1,Benzyl salicylate,"Benzoic acid, 2-hydroxy-, phenylmethyl ester",Known sensitizer; repeat dose toxicant. See notes below.,2,2,C14H12O3,Ben,228.24,"Very faint, sweet-floral, slightly balsamic",Thick colorless liquid
Yellow,1191-16-8,Dimethylallyl acetate,"2-Buten-1-ol, 3-methyl-, 1-acetate","Lacks sufficient sensitization data, see notes below.",2,1,C7H12O2,Dia,128.17,"Sweet, fresh banana, fruity, jasmine, ripe heliotrope, balsam",Colorless to almost colorless liquid
Yellow,120-72-9,Indole,1H-Indole,Lacks sufficient sensitization data; repeat dose toxicant. See notes below.,3,10,C8H7N,Ind,117.15,"Fecal odor, floral in high dilution",White crystals
Half Green,121-32-4,Ethyl vanillin,"Benzaldehyde, 3-ethoxy-4-hydroxy-",,8,8,C9H10O3,Eva,166.17,Intense vanilla,White to off-white crystalline powder
Green,121-33-5,Vanillin,"Benzaldehyde, 4-hydroxy-3-methoxy-",,5,4,C8H8O3,Van,152.15,Vanilla,White to pale yellow crystalline needles
Yellow,122-03-2,Cuminaldehyde,"Benzaldehyde, 4-(1-methylethyl)-","Known sensitizer, see notes below.",3,9,C10H12O,Cum,148.2,"Spicy, cumin, green, herbal","Clear, colorless to yellow liquid"
Yellow,122-48-5,Vanillyl acetone,"2-Butanone, 4-(4-hydroxy-3-methoxyphenyl)-","Lacks sufficient sensitization data, see notes below.",3,8,C11H14O3,Vac,194.23,"Sweet, spicy, phenolic, ginger, vanilla, woody",White to pale yellow liquid
Half Green,123-66-0,"Hexanoic acid, ethyl ester","Hexanoic acid, ethyl ester",,8,7,C8H16O2,Ha,144.21,"Sweet, fruity, pineapple, waxy, banana","Clear, colorless liquid"
Half Green,123-92-2,Isoamyl acetate,"1-Butanol, 3-methyl-, 1-acetate",,8,6,C7H14O2,Iso,130.18,Fruity banana,"Highly flammable, colorless to yellow, watery liquid"
Yellow,124-13-0,Octanal,Octanal,"Known sensitizer, see notes below.",3,7,C8H16O,Ocn,128.21,Fatty-orange,"Clear, colorless to pale yellow liquid"
Yellow,124-19-6,Nonanal,Nonanal,"Known sensitizer, see notes below.",3,6,C9H18O,Nl,142.24,Fatty-rose,Colorless or light yellow liquid
Yellow,125109-85-5,Isopropylphenylbutanal,"Benzenepropanal, .beta.-methyl-3-(1-methylethyl)-",Lacks sufficient sensitization data; repeat dose toxicant. See notes below.,3,5,C13H18O,Is,190.28,"Powerful fresh, green, floral, lily-of-the-valley-like odor","Clear, colorless to pale yellow liquid"
Yellow,13019-22-2,9-Decen-1-ol,9-Decen-1-ol,Lacks sufficient sensitization data; See notes below.,3,4,C10H20O,Den,156.27,"Dewy, rose, waxy, fresh, clean, aldehydic",Colorless liquid
Yellow,13254-34-7,"2,6-Dimethyl-2-heptanol","2-Heptanol, 2,6-dimethyl-","Lacks sufficient sensitization data, see notes below.",3,3,C9H20O,Dim,144.5,"Floral, woody, citrus, herbal","Clear, colorless liquid"
Yellow,1335-66-6,Isocyclocitral,Isocyclocitral,Known sensitizer; repeat dose toxicant. See notes below.,3,2,C20H32O2,Icy,304.47,"Earthy, woody","Clear, colorless to pale yellow liquid"
Yellow,13491-79-7,2-tert-Butylcyclohexanol,"Cyclohexanol, 2-(1,1-dimethylethyl)-","Lacks sufficient sensitization data, see notes below.",3,1,C10H20O,But,156.27,"Camphor, minty",White crystalline flakes and powder
Yellow,137-03-1,2-Heptylcyclopentan-1-one,"Cyclopentanone, 2-heptyl-","Lacks sufficient sensitization data, see notes below.",4,8,C12H22O,Hec,182.3,"Fruity, jasmine","Colorless, viscous liquid"
Yellow,138-86-3,Dipentene,"Cyclohexene, 1-methyl-4-(1-methylethenyl)-","Known sensitizer, see notes below.",4,7,C10H16,Dip,136.23,"Pine, lemon-like",Colorless or light yellow liquid
Half Green,141773-73-1,Helvetolide,"1-Propanol, 2-[1-(3,3-dimethylcyclohexyl)ethoxy]-2-methyl-, 1-propanoate",,8,5,C17H32O3,Hev,284.43,"Musk, ambrette, fruity, pear, woody, floral",Colorless liquid
Half Green,142-92-7,Hexyl acetate,"Acetic acid, hexyl ester",,8,4,C8H16O2,Hex,144.21,"Fruity, apple, banana","Clear, colorless to pale yellowish liquid"
Yellow,1423-46-7,"3-Cyclohexene-1-carboxaldehyde, 2,4,6-trimethyl-","3-Cyclohexene-1-carboxaldehyde, 2,4,6-trimethyl-",Known sensitizer; repeat dose toxicant. See notes below.,4,6,C10H16O,Cyc,152.24,"Citrus, woody",Colorless to pale yellow clear liquid
Half Green,143-08-8,1-Nonanol,1-Nonanol,,8,9,C9H20O,No,144.25,"Rose, citrus","Clear, colorless liquid"
Yellow,1490-04-6,Menthol,"Cyclohexanol, 5-methyl-2-(1-methylethyl)-","Known sensitizer, see notes below.",4,5,C10H20O,Met,156.27,Menthol,"Clear, colorless crystals"
Yellow,150-78-7,"1,4-dimethoxybenzene","Benzene, 1,4-dimethoxy-","Repeat dose toxicant, see notes below.",4,4,C8H10O2,Dib,138.16,"Sweet, green, fennel",White crystals or powder
Yellow,150-84-5,Citronellyl acetate,"6-Octen-1-ol, 3,7-dimethyl-, 1-acetate",Known sensitizer; repeat dose toxicant. See notes below.,4,3,C12H22O2,Cil,198.3,Rose note with fruity undertones,Colorless liquid
Yellow,151-05-3,Benzyldimethyl carbinyl acetate,"Benzeneethanol, .alpha.,.alpha.-dimethyl-, 1-acetate","Known sensitizer, see notes below.",4,2,C12H16O2,Bez,192.25,"Sweet, floral, fruity, rose, green, pear, berry, jasmine, powdery",Colorless liquid
Yellow,15356-60-2,D-Menthol,"Cyclohexanol, 5-methyl-2-(1-methylethyl)-, (1S,2R,5S)-","Known sensitizer, see notes below.",4,1,C10H20O,Dme,156.27,Menthol,Colorless to off-white oil
Yellow,166432-52-6,"1,3-Undecadien-5-yne","1,3-Undecadien-5-yne","Lacks sufficient sensitization data, see notes below.",5,2,C11H16,Ude,148.24,Fruity,Colorless to pale yellow liquid
Yellow,17511-60-3,Tricyclodecenyl propionate,"4,7-Methano-1H-inden-6-ol, 3a,4,5,6,7,7a-hexahydro-, 6-propanoate","Lacks sufficient sensitization data, see notes below.",5,1,C13H18O2,Tri,206.28,"Woody, herbal","Clear, colorless liquid"
Half Green,18479-58-8,Dihydromyrcenol,"7-Octen-2-ol, 2,6-dimethyl-",,9,8,C10H20O,Dil,156.27,"Fresh, citrus, floral","Colorless, viscous liquid"
Half Green,18871-14-2,Jasmal,"Pentitol, 1,5-anhydro-2,4-dideoxy-2-pentyl-, 3-acetate",,9,7,C12H22O3,Jas,214.3,"Floral, herbal",Colorless liquid
Yellow,2050-08-0,Amyl salicylate,"Benzoic acid, 2-hydroxy-, pentyl ester",Known sensitizer; repeat dose toxicant. See notes below.,6,2,C12H16O3,Amy,208.25,"Floral, sweet-herbacious",Colorless oil
Yellow,2216-51-5,L-Menthol,"Cyclohexanol, 5-methyl-2-(1-methylethyl)-, (1R,2S,5R)-","Known sensitizer, see notes below.",6,1,C10H20O,Lol,156.27,"Peppermint, menthol",White to light yellow crystal powder
Yellow,22457-23-4,3-Methyl-5-heptanone oxime,"3-Heptanone, 5-methyl-, oxime","Lacks sufficient sensitization data, see notes below.",7,3,C8H17NO,Mex,143.23,"Green, leafy",Colorless to pale yellow liquid
Green,24851-98-7,Methyl dihydrojasmonate,"Cyclopentaneacetic acid, 3-oxo-2-pentyl-, methyl ester",,5,8,C13H22O3,Mej,226.31,"Powerful sweet-floral, jasmine like, somewhat fruity odor","Clear, colorless oil"
Half Green,28219-61-6,Balinol,"2-Buten-1-ol, 2-ethyl-4-(2,2,3-trimethyl-3-cyclopenten-1-yl)-",,9,6,C14H24O,Ba,208.34,Woody sandalwood,"Clear, colorless to pale yellowish liquid"
Yellow,28940-11-6,Calone,"2H-1,5-Benzodioxepin-3(4H)-one, 7-methyl-","Lacks sufficient sensitization data, see notes below.",7,2,C10H10O3,Ca,178.18,Sea-breeze note with slight floral overtones,White to light yellow crystal or powder
Yellow,3681-71-8,cis-3-Hexenylacetate,"3-Hexen-1-ol, 1-acetate, (3Z)-","Lacks sufficient sensitization data, see notes below.",7,1,C8H14O2,Hexe,142.2,"Powerful green, floral note reminiscent of banana",Colorless liquid
Half Green,38285-49-3,Jasmin pyranol,"2H-Pyran-4-ol, 3-butyltetrahydro-5-methyl-, acetate",,9,5,C12H22O3,Jap,214.3,"Floral, jasmine",Colorless oil
Yellow,38462-22-5,"Cyclohexanone, 2-(1-mercapto-1-methylethyl)-5-methyl-","Cyclohexanone, 2-(1-mercapto-1-methylethyl)-5-methyl-","Known sensitizer, see notes below.",8,3,C10H18OS,Cyl,186.31,"Green, tropical, blackcurrant bud, onion, sulphurous",Clear yellow to dark yellow liquid
Yellow,4674-50-4,"2(3H)-Naphthalenone, 4,4a,5,6,7,8-hexahydro-4,4a-dimethyl-6-(1-methylethenyl)-, (4R,4aS,6R)-","2(3H)-Naphthalenone, 4,4a,5,6,7,8-hexahydro-4,4a-dimethyl-6-(1-methylethenyl)-, (4R,4aS,6R)-","Known sensitizer, see notes below.",8,2,C15H22O,Nap,218.33,"Woody, vetiver, fruity citrus, tobacco, grapefruit, zesty powerful grapefruit, peel note, earthy",Viscous yellow liquid or crystals
Yellow,470-82-6,Eucalyptol,"2-Oxabicyclo[2.2.2]octane, 1,3,3-trimethyl-","Known sensitizer, see notes below.",8,1,C10H18O,Euc,154.25,"Eucalyptus, herbal, camphor",Clear colorless to slightly yellow
Yellow,4819-67-4,"Cyclopentanone, 2-pentyl-","Cyclopentanone, 2-pentyl-","Lacks sufficient sensitization data, see notes below.",9,3,C10H18O,Clo,154.25,"Coconut, jasmine, oily rose, fern, green, herbal","Clear, colorless oily liquid"
Yellow,488-10-8,Jasmone,"2-Cyclopenten-1-one, 3-methyl-2-(2Z)-2-penten-1-yl-","Lacks sufficient sensitization data, see notes below.",9,2,C11H16O,Jae,164.24,"Floral, green, jasmine, warm",Colorless viscous liquid
Yellow,51115-63-0,2-Methylbutyl salicylate,"Benzoic acid, 2-hydroxy-, 2-methylbutyl ester",Known sensitizer; repeat dose toxicant. See notes below.,9,1,C12H16O3,Mes,208.25,"Herbal, woody, orchid, floral, green, balsamic",Colorless to pale yellow liquid
Half Green,53219-21-9,"7-Octen-2-ol, 2-methyl-6-methylene-, dihydro deriv.","7-Octen-2-ol, 2-methyl-6-methylene-, dihydro deriv.",,9,4,C10H20O,Odi,156.27,"Fresh, citrus, lime, floral, clean, cologne, weedy",Colorless viscous liquid
Yellow,5413-60-5,Verdyl acetate,"4,7-Methano-1H-inden-6-ol, 3a,4,5,6,7,7a-hexahydro-, 6-acetate","Lacks sufficient sensitization data, see notes below.",10,3,C12H16O2,Ver,192.25,"Floral, green, soapy, cedar, pine, woody",Colorless viscous liquid
Half Green,543-39-5,Myrcenol,"7-Octen-2-ol, 2-methyl-6-methylene-",,9,9,C10H18O,My,154.25,"Fresh, floral, lavender, citrus",Colorless liquid
Yellow,5471-51-2,"2-Butanone, 4-(4-hydroxyphenyl)-","2-Butanone, 4-(4-hydroxyphenyl)-","Lacks sufficient sensitization data, see notes below.",10,2,C10H12O2,Bu,164.2,"Fruity, warm odor resembling raspberry",Colorless liquid
Yellow,54830-99-8,"4,7-Methano-1H-indenol, 3a,4,5,6,7,7a-hexahydro-, acetate","4,7-Methano-1H-indenol, 3a,4,5,6,7,7a-hexahydro-, acetate","Lacks sufficient sensitization data, see notes below.",10,1,C12H14O2,Min,190.24,"Green, woody, cedar, pine, licorice",Colorless liquid
Half Green,54982-83-1,Muskonate,"1,4-Dioxacyclohexadecane-5,16-dione",,10,8,C14H24O4,Mu,256.34,"Sweet, clean, waxy, musk, animal",Colorless to pale yellow liquid
Yellow,55066-48-3,"Benzenepentanol, gamma-methyl-","Benzenepentanol, .gamma.-methyl-","Known sensitizer, see notes below.",11,3,C12H18O,Beg,178.28,"Fresh, floral, rose, honey, tropical",Colorless liquid
Half Green,562-74-3,"3-Cyclohexen-1-ol, 4-methyl-1-(1-methylethyl)-","3-Cyclohexen-1-ol, 4-methyl-1-(1-methylethyl)-",,10,7,C10H18O,Coh,154.25,"Pepper, woody, earth, musty, sweet",Clear colorless to slightly yellow liquid
Yellow,57378-68-4,delta-Damascone,"2-Buten-1-one, 1-(2,6,6-trimethyl-3-cyclohexen-1-yl)-",Known sensitizer; repeat dose toxicant. See notes below.,11,2,C13H20O,Da,192.3,"Diffusive, fruity blackcurrant",Colorless to slightly yellow liquid
Yellow,586-62-9,Terpinolene,"Cyclohexene, 1-methyl-4-(1-methylethylidene)-","Known sensitizer, see notes below.",11,1,C10H16,Ter,136.23,"Fresh, woody, sweet, pine, citrus",Colorless or pale straw-colored liquid
Yellow,5989-27-5,D-Limonene,"Cyclohexene, 1-methyl-4-(1-methylethenyl)-, (4R)-",Yellow due to hazard concerns. Must meet 5.5.2.,12,8,C10H16,Lim,136.23,"Citrus, orange, fresh, sweet",Colorless to almost colorless
Yellow,61931-80-4,Ethyl linalyl acetate,"1,6-Nonadien-3-ol, 3,7-dimethyl-, 3-acetate","Lacks sufficient sensitization data, see notes below.",12,7,C13H22O2,Ela,210.31,"Floral, bergamot, fruity, tropical, rose",Colorless liquid
Yellow,6259-76-3,Hexyl Salicylate,"Benzoic acid, 2-hydroxy-, hexyl ester",Known sensitizer; repeat dose toxicant. See notes below.,12,6,C13H18O3,Hs,222.28,"Fresh, herbal, orchid, green",Colorless oily liquid
Yellow,628-63-7,Amyl acetate,"Acetic acid, pentyl ester","Known sensitizer, see notes below.",12,5,C7H14O2,Ams,130.18,"Fruity, banana, pear, juicy",White powder
Half Green,63500-71-0,Florol,"2H-Pyran-4-ol, tetrahydro-4-methyl-2-(2-methylpropyl)-",,10,6,C10H20O2,Flo,172.27,"Fresh, clean, soft, natural, floral, muguet, linalool",Colorless to light yellow liquid
Half Green,65113-99-7,Sandalore,"3-Cyclopentene-1-butanol, .alpha.,.beta.,2,2,3-pentamethyl-",,10,5,C14H26O,San,210.36,"Sweet, sandalwood, woody, waxy","Clear, colorless liquid"
Yellow,65405-72-3,"1,2,3,4,4a,7,8,8a-Octahydro-2,4a,5,8a-tetramethyl-1-naphthyl formate","1-Naphthalenol, 1,2,3,4,4a,7,8,8a-octahydro-2,4a,5,8a-tetramethyl-, 1-formate","Lacks sufficient sensitization data, see notes below.",12,4,C15H24O2,Octe,236.3,"Woody, ambery, dry, dusty powdery",Colorless to pale yellow liquid
Yellow,65405-77-8,3-Hexenyl salicylate,"Benzoic acid, 2-hydroxy-, (3Z)-3-hexen-1-yl ester",,12,3,C13H16O3,Hes,220.26,"Floral, green, metallic, herbal, balsam",Colorless oil
Yellow,659-70-1,"Butanoic acid, 3-methyl-, 3-methylbutyl ester","Butanoic acid, 3-methyl-, 3-methylbutyl ester","Lacks sufficient sensitization data, see notes below.",12,2,C10H20O2,Boi,172.26,Peculiar fruity odor reminiscent of ripe apples,Colorless to almost colorless liquid
Yellow,66-25-1,Hexanal,Hexanal,"Known sensitizer, see notes below.",12,1,C6H12O,Hel,100.16,Fresh cut grass,Clear colorless to slightly yellow liquid
Yellow,67633-96-9,3-cis-Hexenyl methyl carbonate,"Carbonic acid, (3Z)-3-hexen-1-yl methyl ester","Lacks sufficient sensitization data, see notes below.",13,10,C8H14O3,Hem,158.2,"Natural green, fruity, floral, violet-leaf-like odor",Colorless liquid
Yellow,67634-14-4,"p-Ethyl-alpha,alpha-dimethyl-hydrocinnamaldehyde","Benzenepropanal, 2-ethyl-.alpha.,.alpha.-dimethyl-",Lacks sufficient sensitization data; repeat dose toxicant. See notes below.,13,9,C13H18O,Eal,190.29,"Clean, fresh air, ocean note","Clear, colorless liquid"
Yellow,67634-15-5,Ethyl dimethylhydrocinnamaldehyde,"Benzenepropanal, 4-ethyl-.alpha.,.alpha.-dimethyl-",Lacks sufficient sensitization data; repeat dose toxicant. See notes below.,13,8,C13H18O,Edi,190.29,"Ozone, fresh, marine","Clear, colorless liquid"
Yellow,67634-20-2,"Propanoic acid, 2-methyl-, 3a,4,5,6,7,7a-hexahydro-4,7-methano-1H-inden-5-yl ester","Propanoic acid, 2-methyl-, 3a,4,5,6,7,7a-hexahydro-4,7-methano-1H-inden-5-yl ester","Lacks sufficient sensitization data, see notes below.",13,7,C14H20O2,Pr,220.31,"Woody-amber, fruity-pineapple, peach and mango scented but with a very distinct cocoa",Pale yellow to clear liquid
Yellow,68039-39-4,"Propanoic acid, 2-methyl-, 3a,4,5,6,7,7a-hexahydro-4,7-methano-1H-inden-6-yl ester","Propanoic acid, 2-methyl-, 3a,4,5,6,7,7a-hexahydro-4,7-methano-1H-inden-6-yl ester","Lacks sufficient sensitization data, see notes below.",13,6,C14H20O2,Pro,220.31,"Green, weedy, oily, sweet, woody, floral, gardenia, jasmine, tuberose",Colorless to pale yellow liquid
Yellow,68039-49-6,Ligustral,"3-Cyclohexene-1-carboxaldehyde, 2,4-dimethyl-",Known sensitizer; repeat dose toxicant. See notes below.,13,5,C9H14O,Lig,138.21,"Green, aldehydic, leafy, floral",Colorless to almost colorless liquid
Yellow,68737-61-1,Dimethyl tetrahydrobenzaldehyde,"3-Cyclohexene-1-carboxaldehyde, 2,4(or 3,5)-dimethyl-",Known sensitizer; repeat dose toxicant. See notes below.,13,4,C9H14O,Dit,138.21,"Citrus, floral",Colorless to pale yellow liquid
Yellow,68912-13-0,Dicyclopentadiene propionate,"4,7-Methano-1H-indenol, 3a,4,5,6,7,7a-hexahydro-, propanoate","Lacks sufficient sensitization data, see notes below.",13,3,C13H18O2,Dic,206.28,"Fruity, herbal, woody, jasmine, oily, basil",Colorless to pale yellow liquid
Yellow,69103-20-4,"Oxirane, 2,2-dimethyl-3-(3-methyl-2,4-pentadien-1-yl)-","Oxirane, 2,2-dimethyl-3-(3-methyl-2,4-pentadien-1-yl)-","Lacks sufficient sensitization data, see notes below.",13,2,C10H16O,Oxi,152.23,"Sweet, metallic, fresh, herbal, lavender, pear, opoponax",Colorless liquid
Yellow,692-86-4,Ethyl undecylenate,"10-Undecenoic acid, ethyl ester","Repeat dose toxicant, see notes below.",13,1,C13H24O2,Eun,212.33,"Waxy, fruity, clean, creamy, soapy, cognac","Clear, yellow oil"
Half Green,695-06-7,gamma-Hexalactone,"2(3H)-Furanone, 5-ethyldihydro-",,10,4,C6H10O2,Gah,114.14,"Herbal, coconut, sweet, coumarin, tobacco","Clear, colorless liquid"
Yellow,705-86-2,delta-Decalactone,"2H-Pyran-2-one, tetrahydro-6-pentyl-","Lacks sufficient sensitization data, see notes below.",14,12,C10H18O2,Ded,170.25,"Creamy, coconut profile and slightly fruity",Colorless to light yellow oily liquid
Half Green,706-14-9,gamma-Decalactone,"2(3H)-Furanone, 5-hexyldihydro-",,10,9,C10H18O2,Gad,170.25,"Fresh, oily, waxy, peach, coconut, buttery, sweet","Clear, colorless to pale yellow liquid"
Yellow,70788-30-6,"Cyclohexanepropanol, 2,2,6-trimethyl-.alpha.-propyl-","Cyclohexanepropanol, 2,2,6-trimethyl-.alpha.-propyl-","Lacks sufficient sensitization data, see notes below.",14,11,C15H30O,Ct,226.4,"Dry, sawdust, woody, powdery, amber, sandalwood",Colorless liquid
Yellow,713-95-1,delta-Dodecalactone,"2H-Pyran-2-one, 6-heptyltetrahydro-","Lacks sufficient sensitization data, see notes below.",14,10,C12H22O2,Dd,198.3,"Fruity, peach-like, oily",Colorless to light yellow liquid
Half Green,7452-79-1,Ethyl ester 2-methylbutanoic acid,"Butanoic acid, 2-methyl-, ethyl ester",,11,8,C7H14O2,Ee,130.18,"Green-fruity, apple-like","Clear, colorless liquid"
Yellow,7492-67-3,Citronelloxyacetaldehyde,"Acetaldehyde, 2-[(3,7-dimethyl-6-octen-1-yl)oxy]-",Known sensitizer; repeat dose toxicant. See notes below.,14,9,C12H22O2,Cn,198.3,"Citrus, floral",Colorless viscous liquid
Yellow,77-93-0,Triethyl citrate,"1,2,3-Propanetricarboxylic acid, 2-hydroxy-, 1,2,3-triethyl ester","Known sensitizer, see notes below.",14,8,C12H20O7,Tc,276.29,Odorless to mild fruity wine,"Clear, colorless oily liquid"
Yellow,7779-30-8,alpha-Methyl ionone,"1-Penten-3-one, 1-(2,6,6-trimethyl-2-cyclohexen-1-yl)-",Known sensitizer; repeat dose toxicant. See notes below.,14,7,C14H22O,Am,206.32,"Sweet, powdery, fruity, floral, violet, beeswax, orris, woody",Colorless to pale yellow liquid
Yellow,78-69-3,Tetrahydrolinalool,"3-Octanol, 3,7-dimethyl-","Known sensitizer, see notes below.",14,6,C10H22O,Th,158.28,"Fresh, sweet, citrus, lime, floral, lily","Clear, colorless liquid"
Yellow,78-70-6,Linalool,"1,6-Octadien-3-ol, 3,7-dimethyl-","Known sensitizer, see notes below.",14,5,C10H18O,Lin,154.25,"Citrus, floral, sweet, bois de rose, woody, green, blueberry","Clear, colorless to pale yellow liquid"
Yellow,79-92-5,Camphene,"Bicyclo[2.2.1]heptane, 2,2-dimethyl-3-methylene-","Lacks sufficient sensitization data, see notes below.",14,4,C10H16,Cam,136.23,"Camphor, turpentine",Colorless to white crystalline solid
Half Green,80-26-2,Terpinyl acetate,"3-Cyclohexene-1-methanol, .alpha.,.alpha.,4-trimethyl-, 1-acetate",,11,7,C12H20O2,Te,196.29,"Herbal, bergamot, lavender, lime, citrus",Colorless to almost colorless liquid
Half Green,8000-41-7,Terpineol,Terpineol,,11,6,C10H18O,Tel,154.25,"Lilac, floral, pine, woody",Colorless liquid
Half Green,8007-35-0,Terpineol acetate,"Terpineol, acetate",,11,5,C12H20O2,Ta,196.29,"Sweet, refreshing, herbaceous, lavender, lemon",Colorless liquid
Yellow,8008-57-9,Sweet orange oil,"Oils, orange, sweet","Known sensitizer, see notes below.",14,3,C15H24O,Swo,136.23,"Citrus, juicy, sweet, fruity",Yellow to deep-orange liquid
Yellow,81752-87-6,"Cyclohexanecarboxylic acid, 2,2-dimethyl-6-methylene-, methyl ester","Cyclohexanecarboxylic acid, 2,2-dimethyl-6-methylene-, methyl ester","Lacks sufficient sensitization data, see notes below.",14,2,C11H18O2,Cad,182.26,"Aromatic, rosemary, thujonic, fruity, damascone",Colorless liquid
Yellow,81782-77-6,"3-Decen-5-ol, 4-methyl-","3-Decen-5-ol, 4-methyl-",Known sensitizer; repeat dose toxicant. See notes below.,14,1,C11H22O,Dom,170.29,"Green, oily, violet, lily, seedy, fruity, kiwi",Colorless to yellow clear liquid
Yellow,86803-90-9,Scentenal,"4,7-Methano-1H-indene-2-carboxaldehyde, octahydro-5-methoxy-","Known sensitizer, see notes below.",6,3,C12H18O2,Sc,194.27,"Fresh, sea breeze, watery, floral, ozone",Colorless liquid
Yellow,87-19-4,Isobutyl salicylate,"Benzoic acid, 2-hydroxy-, 2-methylpropyl ester","Known sensitizer, see notes below.",15,12,C11H14O3,Iba,194.23,"Orchid, wintergreen-like odor similar to amyl salicylate",Colorless to almost colorless liquid
Yellow,87-20-7,Isoamyl salicylate,"Benzoic acid, 2-hydroxy-, 3-methylbutyl ester",Known sensitizer; repeat dose toxicant. See notes below.,15,11,C12H16O3,Ias,208.25,"Floral, herbal, woody, orchid, metallic",Colorless to almost colorless liquid
Yellow,89-78-1,"Menthol, racemic","Cyclohexanol, 5-methyl-2-(1-methylethyl)-, (1R,2S,5R)-rel-","Known sensitizer, see notes below.",15,10,C10H20O,Ra,156.27,"Peppermint, cool, woody",Colorless to white crystalline solid
Yellow,89-79-2,Isopulegol,"Cyclohexanol, 5-methyl-2-(1-methylethenyl)-, (1R,2S,5R)-","Repeat dose toxicant, see notes below.",15,9,C10H18O,Ip,154.25,"Minty, cooling, medicinal, woody",Colorless liquid
Yellow,928-96-1,cis-3-hexenol,"3-Hexen-1-ol, (3Z)-","Lacks sufficient sensitization data, see notes below.",15,8,C6H12O,Ch,100.16,"Fresh, green, cut grass, foliage, vegetable, herbal, oily",Colorless liquid
Yellow,928-97-2,trans-3-Hexenol,"3-Hexen-1-ol, (3E)-","Lacks sufficient sensitization data, see notes below.",15,7,C6H12O,Tr,100.16,"Green, cortex, privet, leafy, floral, petal, oily",Colorless oil
Yellow,93-04-9,"Naphthalene, 2-methoxy-","Naphthalene, 2-methoxy-","Lacks sufficient sensitization data, see notes below.",15,6,C11H10O,Ne,158.2,"Sweet, naphthyl, floral, orange blossom, acacia, neroli",White powder
Yellow,93-08-3,2-Acetylnaphthalene,"Ethanone, 1-(2-naphthalenyl)-","Lacks sufficient sensitization data, see notes below.",15,5,C12H10O,Ac,170.21,Orange blossom,"White, fine crystalline powder and chunks"
Yellow,93-18-5,"Naphthalene, 2-ethoxy-","Naphthalene, 2-ethoxy-","Lacks sufficient sensitization data, see notes below.",15,4,C12H12O,Ny,172.22,"Naphtha, floral, orange blossom, powdery, grape",White to almost white powder to crystals
Yellow,93-58-3,Methyl benzoate,"Benzoic acid, methyl ester","Repeat dose toxicant, see notes below.",15,3,C8H8O2,Mb,136.15,"Strong, dry-fruity, slightly phenolic odor","Clear, colorless to pale yellow"
Half Green,98-55-5,alpha-Terpineol,"3-Cyclohexene-1-methanol, .alpha.,.alpha.,4-trimethyl-",,11,4,C10H18O,At,154.25,"Pine, terpene, lilac, citrus, woody, floral","Clear, colorless to slightly yellow liquid"
Yellow,99-85-4,gamma-Terpinene,"1,4-Cyclohexadiene, 1-methyl-4-(1-methylethyl)-","Lacks sufficient sensitization data, see notes below.",15,2,C10H16,Gt,136.23,"Oily, woody, terpene, lemon, tropical, herbal",Clear liquid
Yellow,99219-32-6,"Oxacyclohexadec-13-en-2-one, (13E)-","Oxacyclohexadec-13-en-2-one, (13E)-","Known sensitizer, see notes below.",15,1,C15H26O2,Oe,238.27,Musk,Colorless to pale liquid